CV PONY Baseball,(B) American Division,(B) American Division-Group,NA,A-Red Sox,A-Yankees,02/27/2016
CV PONY Baseball,(B) American Division,(B) American Division-Group,NA,A-Red Sox,NP-Expos,03/17/2016
CV PONY Baseball,(B) American Division,(B) American Division-Group,NA,A-Red Sox,NP-Expos,04/16/2016
CV PONY Baseball,(B) American Division,(B) American Division-Group,NA,A-Red Sox,NP-Royals,05/05/2016
CV PONY Baseball,(B) American Division,(B) American Division-Group,NA,A-Red Sox,NP-Royals,05/07/2016
CV PONY Baseball,(B) American Division,(B) American Division-Group,NA,A-Red Sox,WL-Dodgers,03/05/2016
CV PONY Baseball,(B) American Division,(B) American Division-Group,NA,A-Red Sox,WL-Dodgers,04/09/2016
CV PONY Baseball,(B) American Division,(B) American Division-Group,NA,A-Yankees,A-Red Sox,03/24/2016
CV PONY Baseball,(B) American Division,(B) American Division-Group,NA,A-Yankees,A-Red Sox,04/14/2016
CV PONY Baseball,(B) American Division,(B) American Division-Group,NA,A-Yankees,NP-Expos,03/12/2016
CV PONY Baseball,(B) American Division,(B) American Division-Group,NA,A-Yankees,NP-Expos,05/07/2016
CV PONY Baseball,(B) American Division,(B) American Division-Group,NA,A-Yankees,NP-Royals,03/22/2016
CV PONY Baseball,(B) American Division,(B) American Division-Group,NA,A-Yankees,WL-Dodgers,03/15/2016
CV PONY Baseball,(B) American Division,(B) American Division-Group,NA,A-Yankees,WL-Dodgers,04/23/2016
CV PONY Baseball,(B) American Division,(B) American Division-Group,NA,NP-Expos,A-Red Sox,04/23/2016
CV PONY Baseball,(B) American Division,(B) American Division-Group,NA,NP-Expos,A-Yankees,04/07/2016
CV PONY Baseball,(B) American Division,(B) American Division-Group,NA,NP-Expos,A-Yankees,04/19/2016
CV PONY Baseball,(B) American Division,(B) American Division-Group,NA,NP-Expos,NP-Royals,03/05/2016
CV PONY Baseball,(B) American Division,(B) American Division-Group,NA,NP-Expos,NP-Royals,04/28/2016
CV PONY Baseball,(B) American Division,(B) American Division-Group,NA,NP-Expos,WL-Dodgers,03/08/2016
CV PONY Baseball,(B) American Division,(B) American Division-Group,NA,NP-Expos,WL-Dodgers,03/22/2016
CV PONY Baseball,(B) American Division,(B) American Division-Group,NA,NP-Royals,A-Red Sox,04/21/2016
CV PONY Baseball,(B) American Division,(B) American Division-Group,NA,NP-Royals,A-Red Sox,04/30/2016
CV PONY Baseball,(B) American Division,(B) American Division-Group,NA,NP-Royals,A-Yankees,03/10/2016
CV PONY Baseball,(B) American Division,(B) American Division-Group,NA,NP-Royals,A-Yankees,04/09/2016
CV PONY Baseball,(B) American Division,(B) American Division-Group,NA,NP-Royals,NP-Expos,03/19/2016
CV PONY Baseball,(B) American Division,(B) American Division-Group,NA,NP-Royals,NP-Expos,03/24/2016
CV PONY Baseball,(B) American Division,(B) American Division-Group,NA,NP-Royals,WL-Dodgers,04/14/2016
CV PONY Baseball,(B) American Division,(B) American Division-Group,NA,WL-Dodgers,A-Red Sox,03/19/2016
CV PONY Baseball,(B) American Division,(B) American Division-Group,NA,WL-Dodgers,A-Red Sox,04/05/2016
CV PONY Baseball,(B) American Division,(B) American Division-Group,NA,WL-Dodgers,A-Yankees,04/27/2016
CV PONY Baseball,(B) American Division,(B) American Division-Group,NA,WL-Dodgers,A-Yankees,04/30/2016
CV PONY Baseball,(B) American Division,(B) American Division-Group,NA,WL-Dodgers,NP-Expos,05/03/2016
CV PONY Baseball,(B) American Division,(B) American Division-Group,NA,WL-Dodgers,NP-Royals,03/12/2016
CV PONY Baseball,(B) American Division,(B) American Division-Group,NA,WL-Dodgers,NP-Royals,04/16/2016
