CV PONY Baseball,(B) National Division,(B) National Division-Group,NA,A - Cubs,A - Padres,02/25/2017
CV PONY Baseball,(B) National Division,(B) National Division-Group,NA,A - Cubs,NP - Mets,04/22/2017
CV PONY Baseball,(B) National Division,(B) National Division-Group,NA,A - Diamondbacks,A - Dodgers,02/25/2017
CV PONY Baseball,(B) National Division,(B) National Division-Group,NA,A - Diamondbacks,A - Giants,03/25/2017
CV PONY Baseball,(B) National Division,(B) National Division-Group,NA,A - Diamondbacks,NP - Mets,04/04/2017
CV PONY Baseball,(B) National Division,(B) National Division-Group,NA,A - Dodgers,A - Cubs,03/25/2017
CV PONY Baseball,(B) National Division,(B) National Division-Group,NA,A - Dodgers,A - Diamondbacks,04/22/2017
CV PONY Baseball,(B) National Division,(B) National Division-Group,NA,A - Dodgers,A - Expos,04/02/2017
CV PONY Baseball,(B) National Division,(B) National Division-Group,NA,A - Dodgers,NP - Mets,04/19/2017
CV PONY Baseball,(B) National Division,(B) National Division-Group,NA,A - Dodgers,NP - Royals,04/29/2017
CV PONY Baseball,(B) National Division,(B) National Division-Group,NA,A - Dodgers,WL - Cubs,03/18/2017
CV PONY Baseball,(B) National Division,(B) National Division-Group,NA,A - Dodgers,WL - Pirates,03/04/2017
CV PONY Baseball,(B) National Division,(B) National Division-Group,NA,A - Expos,A - Giants,02/26/2017
CV PONY Baseball,(B) National Division,(B) National Division-Group,NA,A - Expos,NP - Mets,03/18/2017
CV PONY Baseball,(B) National Division,(B) National Division-Group,NA,A - Giants,A - Cubs,03/04/2017
CV PONY Baseball,(B) National Division,(B) National Division-Group,NA,A - Giants,A - Dodgers,03/11/2017
CV PONY Baseball,(B) National Division,(B) National Division-Group,NA,A - Giants,A - Expos,04/18/2017
CV PONY Baseball,(B) National Division,(B) National Division-Group,NA,A - Giants,A - Padres,04/02/2017
CV PONY Baseball,(B) National Division,(B) National Division-Group,NA,A - Giants,NP - Dodgers,03/29/2017
CV PONY Baseball,(B) National Division,(B) National Division-Group,NA,A - Giants,NP - Royals,03/21/2017
CV PONY Baseball,(B) National Division,(B) National Division-Group,NA,A - Giants,WL - Cubs,05/04/2017
CV PONY Baseball,(B) National Division,(B) National Division-Group,NA,A - Padres,A - Cubs,04/05/2017
CV PONY Baseball,(B) National Division,(B) National Division-Group,NA,A - Padres,A - Diamondbacks,03/04/2017
CV PONY Baseball,(B) National Division,(B) National Division-Group,NA,A - Padres,A - Dodgers,03/28/2017
CV PONY Baseball,(B) National Division,(B) National Division-Group,NA,A - Padres,A - Expos,03/20/2017
CV PONY Baseball,(B) National Division,(B) National Division-Group,NA,A - Padres,NP - Dodgers,04/26/2017
CV PONY Baseball,(B) National Division,(B) National Division-Group,NA,A - Padres,NP - Mets,05/01/2017
CV PONY Baseball,(B) National Division,(B) National Division-Group,NA,A - Padres,WL - Cubs,03/16/2017
CV PONY Baseball,(B) National Division,(B) National Division-Group,NA,NP - Dodgers,A - Dodgers,04/03/2017
CV PONY Baseball,(B) National Division,(B) National Division-Group,NA,NP - Dodgers,A - Giants,04/22/2017
CV PONY Baseball,(B) National Division,(B) National Division-Group,NA,NP - Dodgers,A - Padres,03/08/2017
CV PONY Baseball,(B) National Division,(B) National Division-Group,NA,NP - Dodgers,NP - Mets,03/04/2017
CV PONY Baseball,(B) National Division,(B) National Division-Group,NA,NP - Mets,A - Dodgers,03/06/2017
CV PONY Baseball,(B) National Division,(B) National Division-Group,NA,NP - Mets,A - Giants,03/16/2017
CV PONY Baseball,(B) National Division,(B) National Division-Group,NA,NP - Mets,A - Padres,03/11/2017
CV PONY Baseball,(B) National Division,(B) National Division-Group,NA,NP - Mets,NP - Pirates,03/25/2017
CV PONY Baseball,(B) National Division,(B) National Division-Group,NA,NP - Mets,NP - Royals,04/26/2017
CV PONY Baseball,(B) National Division,(B) National Division-Group,NA,NP - Mets,WL - Cubs,03/29/2017
CV PONY Baseball,(B) National Division,(B) National Division-Group,NA,NP - Mets,WL - Pirates,03/22/2017
CV PONY Baseball,(B) National Division,(B) National Division-Group,NA,NP - Pirates,A - Dodgers,03/20/2017
CV PONY Baseball,(B) National Division,(B) National Division-Group,NA,NP - Pirates,A - Giants,03/18/2017
CV PONY Baseball,(B) National Division,(B) National Division-Group,NA,NP - Pirates,A - Padres,04/22/2017
CV PONY Baseball,(B) National Division,(B) National Division-Group,NA,NP - Royals,A - Dodgers,03/15/2017
CV PONY Baseball,(B) National Division,(B) National Division-Group,NA,NP - Royals,A - Padres,03/18/2017
CV PONY Baseball,(B) National Division,(B) National Division-Group,NA,NP - Royals,NP - Mets,04/01/2017
CV PONY Baseball,(B) National Division,(B) National Division-Group,NA,WL - Cubs,A - Giants,04/05/2017
CV PONY Baseball,(B) National Division,(B) National Division-Group,NA,WL - Pirates,A - Giants,03/06/2017
CV PONY Baseball,(B) National Division,(B) National Division-Group,NA,WL - Pirates,A - Padres,03/25/2017
