CV PONY Baseball,(M) American Division,(M) American Division-Group,NA,A-Royals,NP-Angels,03/19/2016
CV PONY Baseball,(M) American Division,(M) American Division-Group,NA,A-Royals,NP-Angels,03/22/2016
CV PONY Baseball,(M) American Division,(M) American Division-Group,NA,A-Royals,NP-Royals,03/12/2016
CV PONY Baseball,(M) American Division,(M) American Division-Group,NA,A-Royals,NP-Royals,04/16/2016
CV PONY Baseball,(M) American Division,(M) American Division-Group,NA,A-Royals,WL-Dodgers,04/12/2016
CV PONY Baseball,(M) American Division,(M) American Division-Group,NA,A-Royals,WL-Dodgers,05/17/2016
CV PONY Baseball,(M) American Division,(M) American Division-Group,NA,A-Royals,WL-Nationals,03/24/2016
CV PONY Baseball,(M) American Division,(M) American Division-Group,NA,A-Royals,WL-Nationals,05/03/2016
CV PONY Baseball,(M) American Division,(M) American Division-Group,NA,NP-Angels,A-Royals,04/30/2016
CV PONY Baseball,(M) American Division,(M) American Division-Group,NA,NP-Angels,NP-Expos,03/05/2016
CV PONY Baseball,(M) American Division,(M) American Division-Group,NA,NP-Angels,NP-Expos,04/26/2016
CV PONY Baseball,(M) American Division,(M) American Division-Group,NA,NP-Angels,NP-Royals,05/03/2016
CV PONY Baseball,(M) American Division,(M) American Division-Group,NA,NP-Angels,WL-Dodgers,04/16/2016
CV PONY Baseball,(M) American Division,(M) American Division-Group,NA,NP-Angels,WL-Dodgers,05/14/2016
CV PONY Baseball,(M) American Division,(M) American Division-Group,NA,NP-Angels,WL-Nationals,03/17/2016
CV PONY Baseball,(M) American Division,(M) American Division-Group,NA,NP-Angels,WL-Nationals,04/14/2016
CV PONY Baseball,(M) American Division,(M) American Division-Group,NA,NP-Expos,A-Royals,03/08/2016
CV PONY Baseball,(M) American Division,(M) American Division-Group,NA,NP-Expos,A-Royals,04/05/2016
CV PONY Baseball,(M) American Division,(M) American Division-Group,NA,NP-Expos,A-Royals,04/23/2016
CV PONY Baseball,(M) American Division,(M) American Division-Group,NA,NP-Expos,A-Royals,05/10/2016
CV PONY Baseball,(M) American Division,(M) American Division-Group,NA,NP-Expos,NP-Angels,04/19/2016
CV PONY Baseball,(M) American Division,(M) American Division-Group,NA,NP-Expos,NP-Royals,03/24/2016
CV PONY Baseball,(M) American Division,(M) American Division-Group,NA,NP-Expos,NP-Royals,05/19/2016
CV PONY Baseball,(M) American Division,(M) American Division-Group,NA,NP-Expos,WL-Dodgers,03/19/2016
CV PONY Baseball,(M) American Division,(M) American Division-Group,NA,NP-Expos,WL-Nationals,03/22/2016
CV PONY Baseball,(M) American Division,(M) American Division-Group,NA,NP-Expos,WL-Nationals,04/30/2016
CV PONY Baseball,(M) American Division,(M) American Division-Group,NA,NP-Royals,A-Royals,05/07/2016
CV PONY Baseball,(M) American Division,(M) American Division-Group,NA,NP-Royals,NP-Angels,03/10/2016
CV PONY Baseball,(M) American Division,(M) American Division-Group,NA,NP-Royals,NP-Angels,04/23/2016
CV PONY Baseball,(M) American Division,(M) American Division-Group,NA,NP-Royals,NP-Expos,03/15/2016
CV PONY Baseball,(M) American Division,(M) American Division-Group,NA,NP-Royals,NP-Expos,04/12/2016
CV PONY Baseball,(M) American Division,(M) American Division-Group,NA,NP-Royals,WL-Dodgers,04/30/2016
CV PONY Baseball,(M) American Division,(M) American Division-Group,NA,NP-Royals,WL-Dodgers,05/11/2016
CV PONY Baseball,(M) American Division,(M) American Division-Group,NA,NP-Royals,WL-Nationals,03/05/2016
CV PONY Baseball,(M) American Division,(M) American Division-Group,NA,NP-Royals,WL-Nationals,04/28/2016
CV PONY Baseball,(M) American Division,(M) American Division-Group,NA,WL-Dodgers,A-Royals,03/05/2016
CV PONY Baseball,(M) American Division,(M) American Division-Group,NA,WL-Dodgers,A-Royals,04/26/2016
CV PONY Baseball,(M) American Division,(M) American Division-Group,NA,WL-Dodgers,NP-Angels,03/12/2016
CV PONY Baseball,(M) American Division,(M) American Division-Group,NA,WL-Dodgers,NP-Angels,03/24/2016
CV PONY Baseball,(M) American Division,(M) American Division-Group,NA,WL-Dodgers,NP-Expos,05/03/2016
CV PONY Baseball,(M) American Division,(M) American Division-Group,NA,WL-Dodgers,NP-Expos,05/07/2016
CV PONY Baseball,(M) American Division,(M) American Division-Group,NA,WL-Dodgers,NP-Royals,03/22/2016
CV PONY Baseball,(M) American Division,(M) American Division-Group,NA,WL-Dodgers,NP-Royals,04/19/2016
CV PONY Baseball,(M) American Division,(M) American Division-Group,NA,WL-Nationals,A-Royals,02/27/2016
CV PONY Baseball,(M) American Division,(M) American Division-Group,NA,WL-Nationals,NP-Angels,04/09/2016
CV PONY Baseball,(M) American Division,(M) American Division-Group,NA,WL-Nationals,NP-Angels,05/21/2016
CV PONY Baseball,(M) American Division,(M) American Division-Group,NA,WL-Nationals,NP-Expos,04/16/2016
CV PONY Baseball,(M) American Division,(M) American Division-Group,NA,WL-Nationals,NP-Expos,05/14/2016
CV PONY Baseball,(M) American Division,(M) American Division-Group,NA,WL-Nationals,NP-Royals,04/21/2016
CV PONY Baseball,(M) American Division,(M) American Division-Group,NA,WL-Nationals,WL-Dodgers,03/15/2016
CV PONY Baseball,(M) American Division,(M) American Division-Group,NA,WL-Nationals,WL-Dodgers,04/06/2016
CV PONY Baseball,(M) American Division,(M) American Division-Group,NA,WL-Nationals,WL-Dodgers,04/23/2016
