CV PONY Baseball,(Pi) American Division,(Pi) American Division-Group,NA,A Athletics,A Blue Jays,04/16/2016
CV PONY Baseball,(Pi) American Division,(Pi) American Division-Group,NA,A Athletics,A Mariners,04/19/2016
CV PONY Baseball,(Pi) American Division,(Pi) American Division-Group,NA,A Athletics,NP Dodgers,03/15/2016
CV PONY Baseball,(Pi) American Division,(Pi) American Division-Group,NA,A Athletics,NP Red Sox,03/24/2016
CV PONY Baseball,(Pi) American Division,(Pi) American Division-Group,NA,A Athletics,NP Yankees,05/05/2016
CV PONY Baseball,(Pi) American Division,(Pi) American Division-Group,NA,A Athletics,WL-Astros,05/14/2016
CV PONY Baseball,(Pi) American Division,(Pi) American Division-Group,NA,A Athletics,WL-Dodgers,04/17/2016
CV PONY Baseball,(Pi) American Division,(Pi) American Division-Group,NA,A Athletics,WL-Pirates,04/12/2016
CV PONY Baseball,(Pi) American Division,(Pi) American Division-Group,NA,A Blue Jays,A Athletics,05/12/2016
CV PONY Baseball,(Pi) American Division,(Pi) American Division-Group,NA,A Blue Jays,A Mariners,04/17/2016
CV PONY Baseball,(Pi) American Division,(Pi) American Division-Group,NA,A Blue Jays,NP Dodgers,03/05/2016
CV PONY Baseball,(Pi) American Division,(Pi) American Division-Group,NA,A Blue Jays,NP Red Sox,03/19/2016
CV PONY Baseball,(Pi) American Division,(Pi) American Division-Group,NA,A Blue Jays,NP Yankees,04/23/2016
CV PONY Baseball,(Pi) American Division,(Pi) American Division-Group,NA,A Blue Jays,WL-Astros,03/22/2016
CV PONY Baseball,(Pi) American Division,(Pi) American Division-Group,NA,A Blue Jays,WL-Dodgers,05/14/2016
CV PONY Baseball,(Pi) American Division,(Pi) American Division-Group,NA,A Blue Jays,WL-Pirates,04/05/2016
CV PONY Baseball,(Pi) American Division,(Pi) American Division-Group,NA,A Mariners,A Athletics,03/05/2016
CV PONY Baseball,(Pi) American Division,(Pi) American Division-Group,NA,A Mariners,A Blue Jays,04/28/2016
CV PONY Baseball,(Pi) American Division,(Pi) American Division-Group,NA,A Mariners,NP Dodgers,05/14/2016
CV PONY Baseball,(Pi) American Division,(Pi) American Division-Group,NA,A Mariners,NP Red Sox,04/23/2016
CV PONY Baseball,(Pi) American Division,(Pi) American Division-Group,NA,A Mariners,NP Yankees,05/10/2016
CV PONY Baseball,(Pi) American Division,(Pi) American Division-Group,NA,A Mariners,WL-Astros,04/07/2016
CV PONY Baseball,(Pi) American Division,(Pi) American Division-Group,NA,A Mariners,WL-Dodgers,02/28/2016
CV PONY Baseball,(Pi) American Division,(Pi) American Division-Group,NA,A Mariners,WL-Pirates,05/07/2016
CV PONY Baseball,(Pi) American Division,(Pi) American Division-Group,NA,NP Dodgers,A Athletics,04/23/2016
CV PONY Baseball,(Pi) American Division,(Pi) American Division-Group,NA,NP Dodgers,A Blue Jays,04/19/2016
CV PONY Baseball,(Pi) American Division,(Pi) American Division-Group,NA,NP Dodgers,A Mariners,04/30/2016
CV PONY Baseball,(Pi) American Division,(Pi) American Division-Group,NA,NP Dodgers,NP Red Sox,03/22/2016
CV PONY Baseball,(Pi) American Division,(Pi) American Division-Group,NA,NP Dodgers,NP Yankees,03/24/2016
CV PONY Baseball,(Pi) American Division,(Pi) American Division-Group,NA,NP Dodgers,WL-Astros,03/19/2016
CV PONY Baseball,(Pi) American Division,(Pi) American Division-Group,NA,NP Dodgers,WL-Dodgers,03/12/2016
CV PONY Baseball,(Pi) American Division,(Pi) American Division-Group,NA,NP Dodgers,WL-Pirates,05/12/2016
CV PONY Baseball,(Pi) American Division,(Pi) American Division-Group,NA,NP Red Sox,A Athletics,05/07/2016
CV PONY Baseball,(Pi) American Division,(Pi) American Division-Group,NA,NP Red Sox,A Blue Jays,05/05/2016
CV PONY Baseball,(Pi) American Division,(Pi) American Division-Group,NA,NP Red Sox,A Mariners,03/15/2016
CV PONY Baseball,(Pi) American Division,(Pi) American Division-Group,NA,NP Red Sox,NP Dodgers,04/14/2016
CV PONY Baseball,(Pi) American Division,(Pi) American Division-Group,NA,NP Red Sox,NP Yankees,03/12/2016
CV PONY Baseball,(Pi) American Division,(Pi) American Division-Group,NA,NP Red Sox,WL-Astros,03/05/2016
CV PONY Baseball,(Pi) American Division,(Pi) American Division-Group,NA,NP Red Sox,WL-Dodgers,04/16/2016
CV PONY Baseball,(Pi) American Division,(Pi) American Division-Group,NA,NP Red Sox,WL-Pirates,04/26/2016
CV PONY Baseball,(Pi) American Division,(Pi) American Division-Group,NA,NP Yankees,A Athletics,03/19/2016
CV PONY Baseball,(Pi) American Division,(Pi) American Division-Group,NA,NP Yankees,A Blue Jays,03/17/2016
CV PONY Baseball,(Pi) American Division,(Pi) American Division-Group,NA,NP Yankees,A Mariners,04/16/2016
CV PONY Baseball,(Pi) American Division,(Pi) American Division-Group,NA,NP Yankees,NP Dodgers,05/07/2016
CV PONY Baseball,(Pi) American Division,(Pi) American Division-Group,NA,NP Yankees,NP Red Sox,04/07/2016
CV PONY Baseball,(Pi) American Division,(Pi) American Division-Group,NA,NP Yankees,WL-Astros,04/28/2016
CV PONY Baseball,(Pi) American Division,(Pi) American Division-Group,NA,NP Yankees,WL-Dodgers,04/21/2016
CV PONY Baseball,(Pi) American Division,(Pi) American Division-Group,NA,NP Yankees,WL-Pirates,04/30/2016
CV PONY Baseball,(Pi) American Division,(Pi) American Division-Group,NA,WL-Astros,A Athletics,04/30/2016
CV PONY Baseball,(Pi) American Division,(Pi) American Division-Group,NA,WL-Astros,A Blue Jays,04/14/2016
CV PONY Baseball,(Pi) American Division,(Pi) American Division-Group,NA,WL-Astros,A Mariners,03/12/2016
CV PONY Baseball,(Pi) American Division,(Pi) American Division-Group,NA,WL-Astros,NP Dodgers,05/03/2016
CV PONY Baseball,(Pi) American Division,(Pi) American Division-Group,NA,WL-Astros,NP Red Sox,04/21/2016
CV PONY Baseball,(Pi) American Division,(Pi) American Division-Group,NA,WL-Astros,NP Yankees,04/26/2016
CV PONY Baseball,(Pi) American Division,(Pi) American Division-Group,NA,WL-Astros,WL-Dodgers,03/24/2016
CV PONY Baseball,(Pi) American Division,(Pi) American Division-Group,NA,WL-Astros,WL-Pirates,04/23/2016
CV PONY Baseball,(Pi) American Division,(Pi) American Division-Group,NA,WL-Dodgers,A Athletics,04/28/2016
CV PONY Baseball,(Pi) American Division,(Pi) American Division-Group,NA,WL-Dodgers,A Blue Jays,04/30/2016
CV PONY Baseball,(Pi) American Division,(Pi) American Division-Group,NA,WL-Dodgers,A Mariners,04/11/2016
CV PONY Baseball,(Pi) American Division,(Pi) American Division-Group,NA,WL-Dodgers,NP Dodgers,04/05/2016
CV PONY Baseball,(Pi) American Division,(Pi) American Division-Group,NA,WL-Dodgers,NP Red Sox,05/10/2016
CV PONY Baseball,(Pi) American Division,(Pi) American Division-Group,NA,WL-Dodgers,NP Yankees,03/05/2016
CV PONY Baseball,(Pi) American Division,(Pi) American Division-Group,NA,WL-Dodgers,WL-Astros,05/07/2016
CV PONY Baseball,(Pi) American Division,(Pi) American Division-Group,NA,WL-Dodgers,WL-Pirates,05/05/2016
CV PONY Baseball,(Pi) American Division,(Pi) American Division-Group,NA,WL-Pirates,A Athletics,02/27/2016
CV PONY Baseball,(Pi) American Division,(Pi) American Division-Group,NA,WL-Pirates,A Blue Jays,03/12/2016
CV PONY Baseball,(Pi) American Division,(Pi) American Division-Group,NA,WL-Pirates,A Mariners,03/22/2016
CV PONY Baseball,(Pi) American Division,(Pi) American Division-Group,NA,WL-Pirates,NP Dodgers,04/16/2016
CV PONY Baseball,(Pi) American Division,(Pi) American Division-Group,NA,WL-Pirates,NP Red Sox,04/09/2016
CV PONY Baseball,(Pi) American Division,(Pi) American Division-Group,NA,WL-Pirates,NP Yankees,05/14/2016
CV PONY Baseball,(Pi) American Division,(Pi) American Division-Group,NA,WL-Pirates,WL-Astros,03/17/2016
CV PONY Baseball,(Pi) American Division,(Pi) American Division-Group,NA,WL-Pirates,WL-Dodgers,03/19/2016
