CV PONY Baseball,(Po) American Division,(Po) American Division-Group,NA,Agoura Red Sox,Bownet,03/05/2016
CV PONY Baseball,(Po) American Division,(Po) American Division-Group,NA,Agoura Red Sox,Commandos,05/07/2016
CV PONY Baseball,(Po) American Division,(Po) American Division-Group,NA,Agoura Red Sox,Lobos,04/23/2016
CV PONY Baseball,(Po) American Division,(Po) American Division-Group,NA,Agoura Red Sox,Malibu Sharks,02/27/2016
CV PONY Baseball,(Po) American Division,(Po) American Division-Group,NA,Agoura Red Sox,NP Indians,04/19/2016
CV PONY Baseball,(Po) American Division,(Po) American Division-Group,NA,Agoura Red Sox,NP Royals,03/24/2016
CV PONY Baseball,(Po) American Division,(Po) American Division-Group,NA,Agoura Red Sox,Rockets,03/12/2016
CV PONY Baseball,(Po) American Division,(Po) American Division-Group,NA,Agoura Red Sox,Warriors,04/07/2016
CV PONY Baseball,(Po) American Division,(Po) American Division-Group,NA,Bownet,Agoura Red Sox,04/16/2016
CV PONY Baseball,(Po) American Division,(Po) American Division-Group,NA,Bownet,Commandos,03/15/2016
CV PONY Baseball,(Po) American Division,(Po) American Division-Group,NA,Bownet,Lobos,03/02/2016
CV PONY Baseball,(Po) American Division,(Po) American Division-Group,NA,Bownet,Malibu Sharks,04/23/2016
CV PONY Baseball,(Po) American Division,(Po) American Division-Group,NA,Bownet,NP Indians,05/03/2016
CV PONY Baseball,(Po) American Division,(Po) American Division-Group,NA,Bownet,NP Royals,04/30/2016
CV PONY Baseball,(Po) American Division,(Po) American Division-Group,NA,Bownet,Rockets,04/07/2016
CV PONY Baseball,(Po) American Division,(Po) American Division-Group,NA,Bownet,Warriors,03/24/2016
CV PONY Baseball,(Po) American Division,(Po) American Division-Group,NA,Commandos,Agoura Red Sox,04/09/2016
CV PONY Baseball,(Po) American Division,(Po) American Division-Group,NA,Commandos,Bownet,04/26/2016
CV PONY Baseball,(Po) American Division,(Po) American Division-Group,NA,Commandos,Lobos,02/27/2016
CV PONY Baseball,(Po) American Division,(Po) American Division-Group,NA,Commandos,Malibu Sharks,03/12/2016
CV PONY Baseball,(Po) American Division,(Po) American Division-Group,NA,Commandos,NP Indians,04/16/2016
CV PONY Baseball,(Po) American Division,(Po) American Division-Group,NA,Commandos,NP Royals,03/19/2016
CV PONY Baseball,(Po) American Division,(Po) American Division-Group,NA,Commandos,Rockets,04/14/2016
CV PONY Baseball,(Po) American Division,(Po) American Division-Group,NA,Commandos,Warriors,05/03/2016
CV PONY Baseball,(Po) American Division,(Po) American Division-Group,NA,Lobos,Agoura Red Sox,03/19/2016
CV PONY Baseball,(Po) American Division,(Po) American Division-Group,NA,Lobos,Bownet,03/22/2016
CV PONY Baseball,(Po) American Division,(Po) American Division-Group,NA,Lobos,Commandos,04/05/2016
CV PONY Baseball,(Po) American Division,(Po) American Division-Group,NA,Lobos,Malibu Sharks,04/16/2016
CV PONY Baseball,(Po) American Division,(Po) American Division-Group,NA,Lobos,NP Indians,03/12/2016
CV PONY Baseball,(Po) American Division,(Po) American Division-Group,NA,Lobos,NP Royals,05/10/2016
CV PONY Baseball,(Po) American Division,(Po) American Division-Group,NA,Lobos,Rockets,05/05/2016
CV PONY Baseball,(Po) American Division,(Po) American Division-Group,NA,Lobos,Warriors,04/09/2016
CV PONY Baseball,(Po) American Division,(Po) American Division-Group,NA,Malibu Sharks,Agoura Red Sox,04/14/2016
CV PONY Baseball,(Po) American Division,(Po) American Division-Group,NA,Malibu Sharks,Bownet,03/19/2016
CV PONY Baseball,(Po) American Division,(Po) American Division-Group,NA,Malibu Sharks,Commandos,04/30/2016
CV PONY Baseball,(Po) American Division,(Po) American Division-Group,NA,Malibu Sharks,Lobos,03/05/2016
CV PONY Baseball,(Po) American Division,(Po) American Division-Group,NA,Malibu Sharks,NP Indians,03/21/2016
CV PONY Baseball,(Po) American Division,(Po) American Division-Group,NA,Malibu Sharks,NP Royals,04/21/2016
CV PONY Baseball,(Po) American Division,(Po) American Division-Group,NA,Malibu Sharks,Rockets,05/07/2016
CV PONY Baseball,(Po) American Division,(Po) American Division-Group,NA,NP Indians,Agoura Red Sox,03/08/2016
CV PONY Baseball,(Po) American Division,(Po) American Division-Group,NA,NP Indians,Bownet,04/09/2016
CV PONY Baseball,(Po) American Division,(Po) American Division-Group,NA,NP Indians,Commandos,03/05/2016
CV PONY Baseball,(Po) American Division,(Po) American Division-Group,NA,NP Indians,Lobos,04/30/2016
CV PONY Baseball,(Po) American Division,(Po) American Division-Group,NA,NP Indians,Malibu Sharks,04/28/2016
CV PONY Baseball,(Po) American Division,(Po) American Division-Group,NA,NP Indians,NP Royals,05/07/2016
CV PONY Baseball,(Po) American Division,(Po) American Division-Group,NA,NP Indians,Rockets,03/15/2016
CV PONY Baseball,(Po) American Division,(Po) American Division-Group,NA,NP Indians,Warriors,03/19/2016
CV PONY Baseball,(Po) American Division,(Po) American Division-Group,NA,NP Royals,Agoura Red Sox,05/05/2016
CV PONY Baseball,(Po) American Division,(Po) American Division-Group,NA,NP Royals,Bownet,04/12/2016
CV PONY Baseball,(Po) American Division,(Po) American Division-Group,NA,NP Royals,Commandos,04/23/2016
CV PONY Baseball,(Po) American Division,(Po) American Division-Group,NA,NP Royals,Lobos,03/17/2016
CV PONY Baseball,(Po) American Division,(Po) American Division-Group,NA,NP Royals,Malibu Sharks,03/10/2016
CV PONY Baseball,(Po) American Division,(Po) American Division-Group,NA,NP Royals,NP Indians,04/05/2016
CV PONY Baseball,(Po) American Division,(Po) American Division-Group,NA,NP Royals,Rockets,04/16/2016
CV PONY Baseball,(Po) American Division,(Po) American Division-Group,NA,NP Royals,Warriors,04/14/2016
CV PONY Baseball,(Po) American Division,(Po) American Division-Group,NA,Rockets,Agoura Red Sox,04/30/2016
CV PONY Baseball,(Po) American Division,(Po) American Division-Group,NA,Rockets,Bownet,02/27/2016
CV PONY Baseball,(Po) American Division,(Po) American Division-Group,NA,Rockets,Commandos,04/21/2016
CV PONY Baseball,(Po) American Division,(Po) American Division-Group,NA,Rockets,Lobos,04/26/2016
CV PONY Baseball,(Po) American Division,(Po) American Division-Group,NA,Rockets,Malibu Sharks,04/09/2016
CV PONY Baseball,(Po) American Division,(Po) American Division-Group,NA,Rockets,NP Indians,04/23/2016
CV PONY Baseball,(Po) American Division,(Po) American Division-Group,NA,Rockets,NP Royals,03/04/2016
CV PONY Baseball,(Po) American Division,(Po) American Division-Group,NA,Rockets,Warriors,03/22/2016
CV PONY Baseball,(Po) American Division,(Po) American Division-Group,NA,Warriors,Bownet,05/07/2016
CV PONY Baseball,(Po) American Division,(Po) American Division-Group,NA,Warriors,Commandos,03/01/2016
CV PONY Baseball,(Po) American Division,(Po) American Division-Group,NA,Warriors,Lobos,04/19/2016
CV PONY Baseball,(Po) American Division,(Po) American Division-Group,NA,Warriors,Malibu Sharks,05/05/2016
CV PONY Baseball,(Po) American Division,(Po) American Division-Group,NA,Warriors,NP Indians,04/12/2016
CV PONY Baseball,(Po) American Division,(Po) American Division-Group,NA,Warriors,NP Royals,04/28/2016
CV PONY Baseball,(Po) American Division,(Po) American Division-Group,NA,Warriors,Rockets,03/10/2016
