CV PONY Baseball,(Po) National Division,(Po) National Division-Group,NA,A Brewers,A Nationals,05/03/2016
CV PONY Baseball,(Po) National Division,(Po) National Division-Group,NA,A Brewers,C D'Backs,05/07/2016
CV PONY Baseball,(Po) National Division,(Po) National Division-Group,NA,A Brewers,M Kiwanis,04/21/2016
CV PONY Baseball,(Po) National Division,(Po) National Division-Group,NA,A Brewers,NP Angels,04/28/2016
CV PONY Baseball,(Po) National Division,(Po) National Division-Group,NA,A Brewers,NP Cubs,03/19/2016
CV PONY Baseball,(Po) National Division,(Po) National Division-Group,NA,A Brewers,NP Expos,03/12/2016
CV PONY Baseball,(Po) National Division,(Po) National Division-Group,NA,A Brewers,WL Angels,04/13/2016
CV PONY Baseball,(Po) National Division,(Po) National Division-Group,NA,A Brewers,WL Yankees,05/01/2016
CV PONY Baseball,(Po) National Division,(Po) National Division-Group,NA,A Marlins,A Brewers,04/15/2016
CV PONY Baseball,(Po) National Division,(Po) National Division-Group,NA,A Marlins,A Nationals,04/12/2016
CV PONY Baseball,(Po) National Division,(Po) National Division-Group,NA,A Marlins,C D'Backs,03/13/2016
CV PONY Baseball,(Po) National Division,(Po) National Division-Group,NA,A Marlins,C Padres,05/10/2016
CV PONY Baseball,(Po) National Division,(Po) National Division-Group,NA,A Marlins,NP Cubs,04/16/2016
CV PONY Baseball,(Po) National Division,(Po) National Division-Group,NA,A Marlins,NP Expos,03/19/2016
CV PONY Baseball,(Po) National Division,(Po) National Division-Group,NA,A Marlins,WL Angels,04/23/2016
CV PONY Baseball,(Po) National Division,(Po) National Division-Group,NA,A Marlins,WL Yankees,05/05/2016
CV PONY Baseball,(Po) National Division,(Po) National Division-Group,NA,A Nationals,A Phillies,03/16/2016
CV PONY Baseball,(Po) National Division,(Po) National Division-Group,NA,A Nationals,C Angels,05/11/2016
CV PONY Baseball,(Po) National Division,(Po) National Division-Group,NA,A Nationals,C D'Backs,02/27/2016
CV PONY Baseball,(Po) National Division,(Po) National Division-Group,NA,A Nationals,M Kiwanis,04/05/2016
CV PONY Baseball,(Po) National Division,(Po) National Division-Group,NA,A Nationals,NP Angels,04/25/2016
CV PONY Baseball,(Po) National Division,(Po) National Division-Group,NA,A Nationals,NP Dodgers,05/07/2016
CV PONY Baseball,(Po) National Division,(Po) National Division-Group,NA,A Nationals,NP Expos,04/17/2016
CV PONY Baseball,(Po) National Division,(Po) National Division-Group,NA,A Nationals,NP Phillies,03/05/2016
CV PONY Baseball,(Po) National Division,(Po) National Division-Group,NA,A Nationals,WL Yankees,04/20/2016
CV PONY Baseball,(Po) National Division,(Po) National Division-Group,NA,A Phillies,A Brewers,04/26/2016
CV PONY Baseball,(Po) National Division,(Po) National Division-Group,NA,A Phillies,A Marlins,04/18/2016
CV PONY Baseball,(Po) National Division,(Po) National Division-Group,NA,A Phillies,C Angels,03/12/2016
CV PONY Baseball,(Po) National Division,(Po) National Division-Group,NA,A Phillies,C Dodgers,05/01/2016
CV PONY Baseball,(Po) National Division,(Po) National Division-Group,NA,A Phillies,C Padres,02/27/2016
CV PONY Baseball,(Po) National Division,(Po) National Division-Group,NA,A Phillies,M Lions,05/08/2016
CV PONY Baseball,(Po) National Division,(Po) National Division-Group,NA,A Phillies,NP Dodgers,05/04/2016
CV PONY Baseball,(Po) National Division,(Po) National Division-Group,NA,A Phillies,NP Mariners,05/02/2016
CV PONY Baseball,(Po) National Division,(Po) National Division-Group,NA,A Phillies,WL Angels,04/04/2016
CV PONY Baseball,(Po) National Division,(Po) National Division-Group,NA,C Angels,A Brewers,04/06/2016
CV PONY Baseball,(Po) National Division,(Po) National Division-Group,NA,C Angels,A Marlins,02/27/2016
CV PONY Baseball,(Po) National Division,(Po) National Division-Group,NA,C Angels,C Dodgers,05/07/2016
CV PONY Baseball,(Po) National Division,(Po) National Division-Group,NA,C Angels,C Padres,04/25/2016
CV PONY Baseball,(Po) National Division,(Po) National Division-Group,NA,C Angels,M Lions,05/06/2016
CV PONY Baseball,(Po) National Division,(Po) National Division-Group,NA,C Angels,NP Cubs,03/17/2016
CV PONY Baseball,(Po) National Division,(Po) National Division-Group,NA,C Angels,NP Dodgers,04/30/2016
CV PONY Baseball,(Po) National Division,(Po) National Division-Group,NA,C Angels,NP Mariners,04/20/2016
CV PONY Baseball,(Po) National Division,(Po) National Division-Group,NA,C Angels,WL Angels,03/02/2016
CV PONY Baseball,(Po) National Division,(Po) National Division-Group,NA,C D'Backs,A Phillies,04/23/2016
CV PONY Baseball,(Po) National Division,(Po) National Division-Group,NA,C D'Backs,C Angels,04/16/2016
CV PONY Baseball,(Po) National Division,(Po) National Division-Group,NA,C D'Backs,C Dodgers,04/13/2016
CV PONY Baseball,(Po) National Division,(Po) National Division-Group,NA,C D'Backs,M Kiwanis,05/11/2016
CV PONY Baseball,(Po) National Division,(Po) National Division-Group,NA,C D'Backs,M Lions,03/19/2016
CV PONY Baseball,(Po) National Division,(Po) National Division-Group,NA,C D'Backs,NP Angels,03/14/2016
CV PONY Baseball,(Po) National Division,(Po) National Division-Group,NA,C D'Backs,NP Dodgers,03/04/2016
CV PONY Baseball,(Po) National Division,(Po) National Division-Group,NA,C D'Backs,NP Mariners,05/04/2016
CV PONY Baseball,(Po) National Division,(Po) National Division-Group,NA,C D'Backs,NP Phillies,03/21/2016
CV PONY Baseball,(Po) National Division,(Po) National Division-Group,NA,C Dodgers,A Brewers,02/27/2016
CV PONY Baseball,(Po) National Division,(Po) National Division-Group,NA,C Dodgers,A Marlins,04/27/2016
CV PONY Baseball,(Po) National Division,(Po) National Division-Group,NA,C Dodgers,A Nationals,03/23/2016
CV PONY Baseball,(Po) National Division,(Po) National Division-Group,NA,C Dodgers,C Padres,04/04/2016
CV PONY Baseball,(Po) National Division,(Po) National Division-Group,NA,C Dodgers,M Lions,04/20/2016
CV PONY Baseball,(Po) National Division,(Po) National Division-Group,NA,C Dodgers,NP Angels,03/19/2016
CV PONY Baseball,(Po) National Division,(Po) National Division-Group,NA,C Dodgers,NP Cubs,05/09/2016
CV PONY Baseball,(Po) National Division,(Po) National Division-Group,NA,C Dodgers,NP Mariners,02/29/2016
CV PONY Baseball,(Po) National Division,(Po) National Division-Group,NA,C Dodgers,WL Angels,03/16/2016
CV PONY Baseball,(Po) National Division,(Po) National Division-Group,NA,C Padres,A Brewers,04/23/2016
CV PONY Baseball,(Po) National Division,(Po) National Division-Group,NA,C Padres,A Nationals,03/19/2016
CV PONY Baseball,(Po) National Division,(Po) National Division-Group,NA,C Padres,C D'Backs,04/30/2016
CV PONY Baseball,(Po) National Division,(Po) National Division-Group,NA,C Padres,NP Angels,05/07/2016
CV PONY Baseball,(Po) National Division,(Po) National Division-Group,NA,C Padres,NP Cubs,04/11/2016
CV PONY Baseball,(Po) National Division,(Po) National Division-Group,NA,C Padres,NP Expos,05/02/2016
CV PONY Baseball,(Po) National Division,(Po) National Division-Group,NA,C Padres,WL Angels,04/16/2016
CV PONY Baseball,(Po) National Division,(Po) National Division-Group,NA,C Padres,WL Yankees,03/12/2016
CV PONY Baseball,(Po) National Division,(Po) National Division-Group,NA,M Kiwanis,A Marlins,05/07/2016
CV PONY Baseball,(Po) National Division,(Po) National Division-Group,NA,M Kiwanis,A Phillies,04/11/2016
CV PONY Baseball,(Po) National Division,(Po) National Division-Group,NA,M Kiwanis,C Angels,03/19/2016
CV PONY Baseball,(Po) National Division,(Po) National Division-Group,NA,M Kiwanis,C Dodgers,05/05/2016
CV PONY Baseball,(Po) National Division,(Po) National Division-Group,NA,M Kiwanis,C Padres,05/06/2016
CV PONY Baseball,(Po) National Division,(Po) National Division-Group,NA,M Kiwanis,M Lions,03/12/2016
CV PONY Baseball,(Po) National Division,(Po) National Division-Group,NA,M Kiwanis,NP Dodgers,04/23/2016
CV PONY Baseball,(Po) National Division,(Po) National Division-Group,NA,M Kiwanis,NP Mariners,04/30/2016
CV PONY Baseball,(Po) National Division,(Po) National Division-Group,NA,M Kiwanis,NP Phillies,04/16/2016
CV PONY Baseball,(Po) National Division,(Po) National Division-Group,NA,M Lions,A Brewers,03/14/2016
CV PONY Baseball,(Po) National Division,(Po) National Division-Group,NA,M Lions,A Marlins,05/09/2016
CV PONY Baseball,(Po) National Division,(Po) National Division-Group,NA,M Lions,A Nationals,05/13/2016
CV PONY Baseball,(Po) National Division,(Po) National Division-Group,NA,M Lions,C Padres,03/05/2016
CV PONY Baseball,(Po) National Division,(Po) National Division-Group,NA,M Lions,NP Cubs,03/24/2016
CV PONY Baseball,(Po) National Division,(Po) National Division-Group,NA,M Lions,NP Expos,04/16/2016
CV PONY Baseball,(Po) National Division,(Po) National Division-Group,NA,M Lions,NP Mariners,04/28/2016
CV PONY Baseball,(Po) National Division,(Po) National Division-Group,NA,M Lions,WL Angels,05/12/2016
CV PONY Baseball,(Po) National Division,(Po) National Division-Group,NA,NP Angels,A Marlins,04/30/2016
CV PONY Baseball,(Po) National Division,(Po) National Division-Group,NA,NP Angels,A Phillies,04/16/2016
CV PONY Baseball,(Po) National Division,(Po) National Division-Group,NA,NP Angels,C Angels,04/13/2016
CV PONY Baseball,(Po) National Division,(Po) National Division-Group,NA,NP Angels,M Kiwanis,03/22/2016
CV PONY Baseball,(Po) National Division,(Po) National Division-Group,NA,NP Angels,M Lions,05/03/2016
CV PONY Baseball,(Po) National Division,(Po) National Division-Group,NA,NP Angels,NP Dodgers,05/09/2016
CV PONY Baseball,(Po) National Division,(Po) National Division-Group,NA,NP Angels,NP Mariners,04/18/2016
CV PONY Baseball,(Po) National Division,(Po) National Division-Group,NA,NP Angels,NP Phillies,04/23/2016
CV PONY Baseball,(Po) National Division,(Po) National Division-Group,NA,NP Cubs,A Nationals,04/30/2016
CV PONY Baseball,(Po) National Division,(Po) National Division-Group,NA,NP Cubs,A Phillies,03/21/2016
CV PONY Baseball,(Po) National Division,(Po) National Division-Group,NA,NP Cubs,C D'Backs,04/18/2016
CV PONY Baseball,(Po) National Division,(Po) National Division-Group,NA,NP Cubs,M Kiwanis,04/27/2016
CV PONY Baseball,(Po) National Division,(Po) National Division-Group,NA,NP Cubs,NP Angels,03/02/2016
CV PONY Baseball,(Po) National Division,(Po) National Division-Group,NA,NP Cubs,NP Expos,05/07/2016
CV PONY Baseball,(Po) National Division,(Po) National Division-Group,NA,NP Cubs,NP Phillies,04/06/2016
CV PONY Baseball,(Po) National Division,(Po) National Division-Group,NA,NP Cubs,WL Yankees,05/03/2016
CV PONY Baseball,(Po) National Division,(Po) National Division-Group,NA,NP Dodgers,A Brewers,04/16/2016
CV PONY Baseball,(Po) National Division,(Po) National Division-Group,NA,NP Dodgers,A Marlins,02/29/2016
CV PONY Baseball,(Po) National Division,(Po) National Division-Group,NA,NP Dodgers,C Dodgers,05/11/2016
CV PONY Baseball,(Po) National Division,(Po) National Division-Group,NA,NP Dodgers,C Padres,03/23/2016
CV PONY Baseball,(Po) National Division,(Po) National Division-Group,NA,NP Dodgers,M Lions,03/21/2016
CV PONY Baseball,(Po) National Division,(Po) National Division-Group,NA,NP Dodgers,NP Cubs,04/04/2016
CV PONY Baseball,(Po) National Division,(Po) National Division-Group,NA,NP Expos,A Phillies,05/10/2016
CV PONY Baseball,(Po) National Division,(Po) National Division-Group,NA,NP Expos,C Angels,03/21/2016
CV PONY Baseball,(Po) National Division,(Po) National Division-Group,NA,NP Expos,C D'Backs,04/26/2016
CV PONY Baseball,(Po) National Division,(Po) National Division-Group,NA,NP Expos,C Dodgers,04/23/2016
CV PONY Baseball,(Po) National Division,(Po) National Division-Group,NA,NP Expos,M Kiwanis,03/05/2016
CV PONY Baseball,(Po) National Division,(Po) National Division-Group,NA,NP Expos,NP Angels,04/04/2016
CV PONY Baseball,(Po) National Division,(Po) National Division-Group,NA,NP Mariners,A Brewers,05/11/2016
CV PONY Baseball,(Po) National Division,(Po) National Division-Group,NA,NP Mariners,A Marlins,03/05/2016
CV PONY Baseball,(Po) National Division,(Po) National Division-Group,NA,NP Mariners,A Nationals,04/16/2016
CV PONY Baseball,(Po) National Division,(Po) National Division-Group,NA,NP Mariners,C Padres,03/16/2016
CV PONY Baseball,(Po) National Division,(Po) National Division-Group,NA,NP Mariners,NP Cubs,04/23/2016
CV PONY Baseball,(Po) National Division,(Po) National Division-Group,NA,NP Phillies,A Brewers,03/01/2016
CV PONY Baseball,(Po) National Division,(Po) National Division-Group,NA,NP Phillies,A Marlins,05/02/2016
CV PONY Baseball,(Po) National Division,(Po) National Division-Group,NA,NP Phillies,A Phillies,03/19/2016
CV PONY Baseball,(Po) National Division,(Po) National Division-Group,NA,NP Phillies,C Angels,05/04/2016
CV PONY Baseball,(Po) National Division,(Po) National Division-Group,NA,NP Phillies,C Dodgers,03/26/2016
CV PONY Baseball,(Po) National Division,(Po) National Division-Group,NA,NP Phillies,C Padres,04/20/2016
CV PONY Baseball,(Po) National Division,(Po) National Division-Group,NA,NP Phillies,M Lions,04/30/2016
CV PONY Baseball,(Po) National Division,(Po) National Division-Group,NA,WL Angels,A Nationals,03/13/2016
CV PONY Baseball,(Po) National Division,(Po) National Division-Group,NA,WL Angels,C D'Backs,05/02/2016
CV PONY Baseball,(Po) National Division,(Po) National Division-Group,NA,WL Angels,M Kiwanis,02/29/2016
CV PONY Baseball,(Po) National Division,(Po) National Division-Group,NA,WL Angels,NP Angels,04/20/2016
CV PONY Baseball,(Po) National Division,(Po) National Division-Group,NA,WL Angels,NP Cubs,05/04/2016
CV PONY Baseball,(Po) National Division,(Po) National Division-Group,NA,WL Yankees,A Phillies,05/12/2016
CV PONY Baseball,(Po) National Division,(Po) National Division-Group,NA,WL Yankees,C Angels,04/23/2016
CV PONY Baseball,(Po) National Division,(Po) National Division-Group,NA,WL Yankees,C D'Backs,04/05/2016
CV PONY Baseball,(Po) National Division,(Po) National Division-Group,NA,WL Yankees,C Dodgers,04/16/2016
CV PONY Baseball,(Po) National Division,(Po) National Division-Group,NA,WL Yankees,M Kiwanis,03/16/2016
CV PONY Baseball,(Po) National Division,(Po) National Division-Group,NA,WL Yankees,M Lions,04/13/2016
CV PONY Baseball,(Po) National Division,(Po) National Division-Group,NA,WL Yankees,NP Angels,03/05/2016
